company_name,url,content
Dell,https://www.delltechnologies.com/partner/en-in/partner/modern-workplace.htm,"With the security and performance provided by AI PC’s with Intel Core Ultra processors and Intel vPro(R) for enhanced efficiency and battery life, your customers’ will have the solutions they need for today’s workloads."
Dell,https://www.delltechnologies.com/partner/en-in/partner/modern-infrastructure.htm,"Design and implement a smart, flexible and resilient modern data infrastructure for customers that meets their evolving business challenges, unlocks their data’s full potential and avoids business disruption."
Dell,https://www.delltechnologies.com/partner/en-in/partner/artificial-intelligence.htm,"Accelerate intelligent outcomes everywhere with artificial intelligence, an end-to-end portfolio of modern infrastructure from Dell Technologies."
Dell,https://www.delltechnologies.com/partner/en-in/partner/discovery-center.htm,"Explore all our latest launches and find the content, campaigns and resources you need to get started with the Dell Technologies portfolio here."
Dell,https://www.delltechnologies.com/partner/en-in/partner/partner.htm,Dell Technologies Partner Portal - sign in to your account or join the Partner Program to become an IT VAR with world-class technology & partners.
Dell,https://www.delltechnologiescapital.com/,Leading early-stage investments in the companies who are building the future of enterprise technologies for more than a decade.
Dell,https://www.dell.com/en-in/lp/dt/technologies-and-tools,
Dell,https://www.dell.com/en-in/lp/dt/training-and-certification,
Dell,https://www.dell.com/en-in/lp/dt/lifecycle-services,
Dell,https://www.dell.com/en-in/lp/dt/professional-services,
Dell,https://www.dell.com/en-in/lp/dt/innovate-with-services,
Dell,https://www.dell.com/en-in/lp/dt/services,
Dell,https://www.dell.com/en-in/lp/dell-ai-software-solutions,
Dell,https://www.dell.com/en-in/dt/business-pcs-laptops/collaboration-solutions.htm,"Transform your workspace with Dell PCs, monitors and accessories engineered to keep you connected and collaborative than ever no matter where you work."
Dell,https://www.dell.com/en-in/dt/apex/device/pc-as-a-service.htm#tab0=0&tab1=0,"Dell APEX PC as a Service (PCaaS) is a complete IT solution that simplifies PC lifecycle management by combining hardware, software, lifecycle services & financing. View on Dell.com"
Dell,https://www.dell.com/en-in/lp/dt/endpoint-management#dell-client-device-manager,
Dell,https://www.dell.com/en-in/lp/dt/endpoint-security,
Dell,https://www.dell.com/en-in/lp/dt/dell-hybrid-client,
Dell,https://www.dell.com/en-in/lp/dt/ai-technologies?hve=explore+ai+workstations&_gl=1*1t6h0d3*_up*MQ..*_gs*MQ..&gclid=EAIaIQobChMIqcrmjZvPjAMVx6RmAh3rQRAqEAAYASAAEgLKufD_BwE&gclsrc=aw.ds,
Dell,https://www.dell.com/en-in/lp/dt/workloads-vmware,
Dell,https://www.dell.com/en-in/lp/dt/workloads-validated-designs,
Dell,https://www.dell.com/en-in/lp/dt/workloads-vdi,
Dell,https://www.dell.com/en-in/lp/dt/workloads-sap,
Dell,https://www.dell.com/en-in/dt/apex/index.htm?hve=learn+more&_gl=1*1vuh4aq*_up*MQ..*_gs*MQ..&gclid=Cj0KCQjwh_i_BhCzARIsANimeoEKnFayi6sD_TsStxSKNmjoWCT6e9JC1lpzcFJAypBa5lole-GO4RMaAuVLEALw_wcB&gclsrc=aw.ds,Learn how Dell Technologies APEX as-a-service solutions can simplify your cloud experiences on industry leading technologies you trust to drive your business.
Dell,https://www.dell.com/en-in/lp/nutanix,
Dell,https://www.dell.com/en-in/lp/dt/workloads-microsoft,
Dell,https://www.dell.com/en-in/lp/dt/workloads-kubernetes-containers,
Dell,https://www.dellhpc.org/event/da48d66a-3b8e-4875-a809-59e051490925/summary,
Dell,https://www.dell.com/en-in/lp/dt/solutions-extended-technologies-complete,
Dell,https://www.dell.com/en-in/lp/computer-vision,
Dell,https://www.dell.com/en-in/lp/dt/workloads-analytics,
Dell,https://www.dell.com/en-in/lp/dt/security-solutions,
Dell,https://www.dell.com/en-in/dt/apex/index.htm#Explore-APEX,Learn how Dell Technologies APEX as-a-service solutions can simplify your cloud experiences on industry leading technologies you trust to drive your business.
Dell,https://www.dell.com/en-in/shop/scc/sc/artificial-intelligence,
Dell,https://www.dell.com/en-in/lp/dt/solutions,
Dell,,"Copyright © Dell Inc. All Rights Reserved.
INNOVATION
Our comprehensive portfolio fuels
your innovation and growth
End-to-end products and solutions with high customer demand will f uel 
your growth from the edge to the data center to the cloud .
Financial 
Incentives
Collaborative 
EngagementAccess to New 
Market OpportunitiesThe Dell Technologies Partner Program 
provides a comprehensive set of profitable 
program benefits. As you grow your business 
with Dell Technologies, you increase your 
eligibility for lucrative rebates and Marketing 
Development Funds.
Gain access to a powerful go -to-market sales 
engine and demand generation opportunities 
supported by Marketing Development Funds. 
Accelerate your business with expert product 
training and competitive content provided to 
your team to develop sales, marketing and 
technical skills.
Predictable engagement with access to partner -
inspired tools and resources, including sales 
tools, benefit tracking and demand generation 
programs to build your pipeline and accelerate 
time to market.  END -TO-END PARTNER EXPERIENCE 
A consistent program built with you and for you,
founded on collaboration and trust.
THE POWER OF DELL TECHNOLOGIES
A trusted healthy business powered by
consistent execution and profitable growth,
providing technologies to deliver a better tomorrow. 
Are you ready to uncover your limitless 
potential as a Dell Technologies Partner?
Join the Dell Technologies Partner Program today to grow your business and 
achieve your goals with a world -leading technology vendor at your side
THE DELL TECHNOLOGIES 
PARTNER PROGRAMTogether,
we stop at nothing!
Sign up now
Leading end -
to-end 
solutionsGlobal 
footprint of 
services and 
support Industry’s 
largest GTM 
and partner 
ecosystemIndustry -
leading
scale and 
supply chainModern online  
consumption 
experiences"
Dell,,"In today’s fast-paced digital world, balancing 
the needs of your business, IT, and end-users 
is challenging. Whether you’re establishing an 
AI strategy, enhancing workforce solutions, 
modernizing your data center or sharpening 
your security posture, managing these projects 
requires expertise and precision.  
Dell Services is here to help you focus on what 
truly matters—igniting innovation and staying 
ahead of the competition.Ignite 
Innovation 
with 
Services
70%
of organizations need external 
expertise to help drive business 
process change and achieve 
transformational business 
outcomes.1
Get ahead of the competition and meet the business and technology 
milestones you’ve set faster. 
• Tap into expert guidance from services experts in cutting-edge technologies like 
GenAI, multicloud and data management to accelerate your innovation. 
• Unlock results with the Dell AI Factory - an end-to-end AI-optimized infrastructure 
portfolio, an open ecosystem with deep partnerships, and a comprehensive suite 
of services.
• Boost workforce efficiency and satisfaction with GenAI tools, paired with the 
essential skills to maximize their potential.
• Secure your business-critical data with our proactive security solutions. 
• Enhance business value while meeting sustainability targets through services 
designed to reduce environmental impact.Unlock advantage
Leverage new technology and drive business process changes with 
highly trained services experts to guide you along the way.
• Increase agility and accelerate outcomes with expert guidance and proven 
methodologies, whether for a digital roadmap or full-scale implementation.
• Pivot quickly and confidently using our consultative approach, as you optimize 
and consider new technology from edge to core to cloud.
• Seamlessly integrate technologies and evolve your strategy by leveraging our 
strong partnerships with industry leaders.
• Fast-track time to value by leveraging our proven processes and standardized 
practices that align to measurable outcomes.Maximize agility
Simplify IT while taking advantage of our portfolio with offerings 
designed to work for you. 
• Prioritize strategic projects and business growth by entrusting your 
operational needs to our services experts.
• Get up and running faster with expert deployment that optimizes technology 
innovation.
• Benefit from our extensive experience and scalability to navigate the rigorous 
demands of your business environment.
• Experience the impact of intelligent service and support with our AI-powered 
self-service tools and insights.
• Streamline your software integration on Dell platforms by partnering with us 
to seamlessly incorporate third-party tools.Reduce complexity
Ignite innovation with Services• Professional Services for 
Artificial Intelligence
• Professional Services for 
Modern Workforce
• Professional Services for 
Multicloud
• Professional Services for 
Data & Applications
• Learning Solutions
• Sustainability Services
• ProConsult Advisory 
Services
• Product Success 
Accelerators
• Residency Services
• Security Services
• Dell Payment Solutions
• Deployment Services
• Support Services
• Managed Services
• Asset Recovery Services
• Technology & Tools for 
AI-powered Automation 
& Intelligence
 
Services enable 
solutions 
aligned to all 
your priority 
areasAccelerate the power of AI for your data. 
We work alongside you to build a roadmap, 
prepare data, implement a platform and 
support your Generative AI solutions.AI
Plan, deploy, support, manage and automate 
leading-edge workplace technologies so your 
employees and business can thrive.Modern Workplace
Shift to a proactive approach and reduce your 
attack surface to achieve a resilient, non-stop 
digital business.Security
Protect your data, enhance your brand reputation, 
and get value back from retired equipment with 
secure recovery and recycling services.SustainabilityDesign, adopt and scale a multicloud operating 
model aligned to your business objectives, so 
you can focus on growth and innovation.MulticloudQuickly migrate, secure, manage and gain insights 
from your data — no matter where it resides.Modern Data Center
Ignite innovation with Services 
1 A commissioned study conducted by Forrester Consulting on behalf of Dell, September 2024.
2 The Gartner Peer Insights Customers’ Choice badge is a trademark of Gartner, Inc. and/or its affiliates. All rights reserved. Gartner® 
Peer InsightsTM content consists of the opinions of individual end users based on their own experiences, and should not be construed as 
statements of fact, nor do they represent the views of Gartner or its affiliates. Gartner does not endorse any vendor, product or service 
depicted in this content nor makes any warranties, expressed or implied, with respect to this content, about its accuracy or completeness, 
including any warranties of merchantability or fitness for a particular purpose Gartner, Voice of the Customer for Data Center Outsourcing 
and Hybrid Infrastructure Managed Services, Worldwide, Peer Contributors, 28 November 2024.
3 Based on Dell Technologies internal numbers, Jan 2025.
© 2025 Dell Inc. or its subsidiaries. All Rights Reserved. Dell and other trademarks are trademarks of Dell Inc. or its subsidiaries.  
Other trademarks may be trademarks of their respective owners. 01-25-KI49 TSIA Star Awards
from the Technology & Services 
Industry Association for commitment 
to outstanding innovation, leadership 
and excellence in the industry.Dell Technologies 
Data Center Outsourcing and 
Hybrid Infrastructure Managed Services2Industry and customer recognition
Consulting & Implementation 
Partner of the Year
WINNER
    
95%
Technical support 
CSAT rating360,000+
Dell and partner 
professionals3250M+
assets supported31,400+
Accelerator Workshops 
delivered3
Explore ServicesJoin the conversation with 
#DellTechnologies"
